<?xml version="1.0" encoding="UTF-8"?>
<!--
/**
 * @category    CleverSoft
 * @package     CleverBlock
 * @copyright   Copyright © 2017 CleverSoft., JSC. All Rights Reserved.
 * @author 		ZooExtension.com
 * @email       magento.cleversoft@gmail.com
 */
-->
<widgets xmlns:xsi="http://www.w3.org/2001/XMLSchema-instance"
         xsi:noNamespaceSchemaLocation="urn:magento:module:Magento_Widget:etc/widget.xsd">
    <widget id="mt_block" class="CleverSoft\CleverBlock\Block\Widget" is_email_compatible="true" placeholder_image="CleverSoft_CleverBlock::images/clever-block.png">
        <label translate="true">Clever Block</label>
        <description>Show products, photos, blocks in widget</description>
        <parameters>
            <parameter name="widget_title" xsi:type="text" required="false" visible="true">
                <label translate="true">Widget Title</label>
            </parameter>
            <parameter name="cache" xsi:type="text" required="false" visible="true">
                <label translate="true">Cache Lifetime</label>
                <description translate="true">If set, caching this widget (in seconds)</description>
            </parameter>
            <parameter name="classes" xsi:type="text" required="false" visible="true">
                <label translate="true">Widget Classes</label>
                <description translate="true">Custom classes</description>
            </parameter>

            <parameter name="enable_fullwidth" xsi:type="select" required="true"  visible="true"
                       source_model="Magento\Config\Model\Config\Source\Yesno">
                <label translate="true">Enable FullWidth</label>
                <description translate="true">Enable If you want to show this to fit to the screen width</description>
            </parameter>

            <parameter name="block_ids" xsi:type="multiselect" required="true" visible="true"
                       source_model="CleverSoft\CleverBlock\Model\Widget\Source\Block">
                <label translate="true">Blocks</label>
                <description translate="true">Choose blocks to show</description>
            </parameter>

            <parameter name="lazyload" xsi:type="select" visible="true" source_model="Magento\Config\Model\Config\Source\Yesno">
                <label translate="true">Enable Lazy Load</label>
                <description translate="true">Lazy load Image</description>
            </parameter>

            <parameter name="height_image" xsi:type="text" visible="true">
                <label translate="true">Image height (px)</label>
                <depends>
                    <parameter name="lazyload" value="1" />
                </depends>
            </parameter>

            <parameter name="block_lg" xsi:type="text"  visible="false">
            </parameter>
            <parameter name="block_md" xsi:type="text"  visible="false">
            </parameter>
            <parameter name="block_sm" xsi:type="text"  visible="false">
            </parameter>
            <parameter name="block_xs" xsi:type="text"  visible="false">
            </parameter>

            <parameter name="preview_lg" xsi:type="conditions" class="CleverSoft\CleverBlock\Block\Adminhtml\Widget\Renderer\Preview" visible="true">
                <label translate="true">Layout Large Devices (≥1200px)</label>

            </parameter>
            <parameter name="preview_md" xsi:type="conditions" class="CleverSoft\CleverBlock\Block\Adminhtml\Widget\Renderer\Preview" visible="true">
                <label translate="true">Layout Medium Devices (≥992px)</label>

            </parameter>
            <parameter name="preview_sm" xsi:type="conditions" class="CleverSoft\CleverBlock\Block\Adminhtml\Widget\Renderer\Preview" visible="true">
                <label translate="true">Layout Small Devices (≥768px)</label>
            </parameter>
            <parameter name="preview_xs" xsi:type="conditions" class="CleverSoft\CleverBlock\Block\Adminhtml\Widget\Renderer\Preview" visible="true" >
                <label translate="true"><![CDATA[Layout Extra Small Devices (<768px)]]></label>
            </parameter>
            <parameter name="layout_lg" xsi:type="block" visible="false">
                <block class="CleverSoft\CleverBlock\Block\Adminhtml\Widget\Renderer\Layout">
                    <data>
                        <item name="target" xsi:type="string">lg</item>
                    </data>
                </block>
            </parameter>
            <parameter name="layout_md" xsi:type="block" visible="false">
                <block class="CleverSoft\CleverBlock\Block\Adminhtml\Widget\Renderer\Layout">
                    <data>
                        <item name="target" xsi:type="string">md</item>
                    </data>
                </block>
            </parameter>
            <parameter name="layout_sm" xsi:type="block" visible="false">
                <block class="CleverSoft\CleverBlock\Block\Adminhtml\Widget\Renderer\Layout">
                    <data>
                        <item name="target" xsi:type="string">sm</item>
                    </data>
                </block>
            </parameter>
            <parameter name="layout_xs" xsi:type="block" visible="false">
                <block class="CleverSoft\CleverBlock\Block\Adminhtml\Widget\Renderer\Layout">
                    <data>
                        <item name="target" xsi:type="string">xs</item>
                    </data>
                </block>
            </parameter>

            <parameter name="scroll" xsi:type="select" required="true"  visible="true"
                       source_model="Magento\Config\Model\Config\Source\Yesno">
                <label translate="true">Enable Carousel</label>
                <description translate="true">Enable Carousel</description>
            </parameter>

            <parameter name="autoplay" xsi:type="select" required="true"  visible="true"
                       source_model="Magento\Config\Model\Config\Source\Yesno">
                <label translate="true">Enable Auto Play</label>
                <description translate="true">Enable Auto Play</description>
                <depends>
                    <parameter name="scroll" value="1" />
                </depends>
            </parameter>

            <parameter name="autoplayhoverpause" xsi:type="select" required="true"  visible="true"
                       source_model="Magento\Config\Model\Config\Source\Yesno">
                <label translate="true">Enable Hover Pause</label>
                <description translate="true">Slideshow will pause when you hover on it if you set this to YES</description>
                <depends>
                    <parameter name="scroll" value="1" />
                </depends>
            </parameter>

            <parameter name="autoplaytimeout" xsi:type="text" visible="true">
                <label translate="true">Auto Play Timeout</label>
                <description translate="true">Change to any integrer for example 5000 to play every 5 seconds. </description>
                <depends>
                    <parameter name="scroll" value="1" />
                </depends>
            </parameter>

            <parameter name="enable_bullet" xsi:type="select" required="true"  visible="true"
                       source_model="Magento\Config\Model\Config\Source\Yesno">
                <label translate="true">Enable Bullet</label>
                <description translate="true">Enable Bullet</description>
                <depends>
                    <parameter name="scroll" value="1" />
                </depends>
            </parameter>
            <parameter name="navigation" xsi:type="select"  visible="true"
                       source_model="Magento\Config\Model\Config\Source\Yesno">
                <label translate="true">Show Navigation</label>
                <description translate="true">Show Navigation</description>
                <depends>
                    <parameter name="scroll" value="1" />
                </depends>
            </parameter>
            <parameter name="navigation_prev" xsi:type="text"  visible="true">
                <label translate="true">Prev Navigation</label>
                <description translate="true">Prev navigation text</description>
                <depends>
                    <parameter name="scroll" value="1" />
                </depends>
            </parameter>
            <parameter name="navigation_next" xsi:type="text"  visible="true">
                <label translate="true">Next Navigation</label>
                <description translate="true">Next navigation text</description>
                <depends>
                    <parameter name="scroll" value="1" />
                </depends>
            </parameter>

            <parameter name="col_480" xsi:type="text"  visible="true">
                <label translate="true">Number Items (480px up)</label>
                <description translate="true">Limit number of columns on carousel - 480px wide screen </description>
                <depends>
                    <parameter name="scroll" value="1" />
                </depends>
                <value>1</value>
            </parameter>
            <parameter name="col_768" xsi:type="text"  visible="true">
                <label translate="true">Number Items (768px wide)</label>
                <description translate="true">Limit number of columns on carousel - 768px wide screen</description>
                <depends>
                    <parameter name="scroll" value="1" />
                </depends>
                <value>2</value>
            </parameter>
            <parameter name="col_992" xsi:type="text"  visible="true">
                <label translate="true">Number Items (992px up)</label>
                <description translate="true">Limit number of columns on carousel - 992px wide screen</description>
                <depends>
                    <parameter name="scroll" value="1" />
                </depends>
                <value>3</value>
            </parameter>
            <parameter name="column" xsi:type="text"  visible="true">
                <label translate="true">Number Items ( 1200px up)</label>
                <description translate="true">Limit number of columns on carousel - from 1200px wide screen and up</description>
                <depends>
                    <parameter name="scroll" value="1" />
                </depends>
                <value>4</value>
            </parameter>

            <parameter name="background" xsi:type="select"  visible="true"
                       source_model="CleverSoft\CleverBlock\Model\Widget\Source\Background">
                <label>Background</label>
            </parameter>

            <parameter name="parallax_type" xsi:type="select"  visible="true"
                       source_model="CleverSoft\CleverBlock\Model\Widget\Source\Parallax\Type">
                <label translate="true">Parallax Background Type</label>
                <depends>
                    <parameter name="background" value="parallax" />
                </depends>
            </parameter>

            <parameter name="parallax_video_src" xsi:type="conditions"  visible="true" class="CleverSoft\CleverBlock\Block\Adminhtml\Widget\Form\Element\Video">
                <label translate="true">Parallax Video Source</label>
                <description translate="true">Ex: http://www.youtube.com/watch?v=UVOpiKiCEeY or http://vimeo.com/81979871</description>
                <depends>
                    <parameter name="parallax_type" value="video" />
                </depends>
            </parameter>

            <parameter name="parallax_image_src" xsi:type="conditions"  visible="true" class="CleverSoft\CleverBlock\Block\Adminhtml\Widget\Form\Element\Browser">
                <label translate="true">Parallax Background Source</label>
                <depends>
                    <parameter name="background" value="parallax" />
                </depends>
            </parameter>

            <parameter name="background_overlay" xsi:type="conditions" class="CleverSoft\CleverBlock\Block\Adminhtml\Widget\Renderer\Color" visible="true">
                <label translate="true">Background Overlay</label>
                <description translate="true">Choose a color</description>
            </parameter>

            <parameter name="background_overlay_o" xsi:type="select" required="true" visible="true"
                       source_model="CleverSoft\CleverBlock\Model\Widget\Source\Opacity">
                <label translate="true">Background Overlay Opacity</label>
                <description translate="true">The lower value, the more transparent</description>
            </parameter>

            <parameter name="template" xsi:type="select" visible="true" required="true" sort_order="10">
                <label translate="true">Template</label>
                <options>
                    <option name="default" value="widget/block.phtml">
                        <label translate="true">Block</label>
                    </option>

                </options>
            </parameter>
        </parameters>
    </widget>
</widgets>
