<default>
   <cleversoftbase>
      <responsive>
         <page_layout>wide-layout</page_layout>
         <page_maxi_width>1200</page_maxi_width>
         <rtl_language>0</rtl_language>
         <iconlazyload/>
         <promo_box_enable>1</promo_box_enable>
         <promo_box_text>It’s the most wonderful time of the year! Don’t miss out on last delivery – check the dates here.</promo_box_text>
         <promo_box_link>#</promo_box_link>
         <threshold>0</threshold>
      </responsive>
      <header>
         <header_mobile_type>header_layout_2</header_mobile_type>
         <sticky_enable>1</sticky_enable>
         <compare>0</compare>
         <wishlist>1</wishlist>
         <layout>layout1</layout>
         <full_header_width>0</full_header_width>
      </header>
      <category>
         <aspect_ratio>1</aspect_ratio>
         <aspect_ratio_size>1:1</aspect_ratio_size>
         <alt_image>1</alt_image>
         <alt_image_column>position</alt_image_column>
         <alt_image_column_value>4</alt_image_column_value>
         <image_width>441</image_width>
         <image_height>600</image_height>
      </category>
      <category_grid>
         <display_productname>visible</display_productname>
         <display_name_single_line>1</display_name_single_line>
         <display_rating>visible</display_rating>
         <display_addtocart>hover</display_addtocart>
         <display_addtolinks>0</display_addtolinks>
         <addtolinks_simple>2</addtolinks_simple>
         <addtolinks_position>1</addtolinks_position>
         <column_count>4</column_count>
         <column_count_768>3</column_count_768>
         <column_count_640>2</column_count_640>
         <column_count_480>2</column_count_480>
         <equal_height>1</equal_height>
         <hover_effect>1</hover_effect>
         <centered>0</centered>
         <enable_border_boxshadow>0</enable_border_boxshadow>
         <disable_border_radius>0</disable_border_radius>
      </category_grid>
      <infinite_scroll>
         <ic_type>none</ic_type>
         <scroll_buffer>10</scroll_buffer>
         <load_more_button_text>Load More Products</load_more_button_text>
         <load_more_post_text>Loading More Products...</load_more_post_text>
      </infinite_scroll>
      <product_page>
         <image_column>6</image_column>
         <primary_column>6</primary_column>
         <secondary_column/>
         <lower_primary_column>12</lower_primary_column>
         <lower_secondary_column>12</lower_secondary_column>
         <tabs>1</tabs>
         <tabs_mode>1</tabs_mode>
         <tabs_threshold>1024</tabs_threshold>
         <tabs_collapsed>1</tabs_collapsed>
         <tabs_style>style1</tabs_style>
         <collateral_position>lowerPrimCol_1</collateral_position>
         <collateral_reviews>1</collateral_reviews>
         <collateral_tags>1</collateral_tags>
         <collateral_related>0</collateral_related>
         <collateral_upsell>0</collateral_upsell>
         <related_position>lowerSecCol_1</related_position>
         <related_template>CleverSoft_Base::product/list/slider.phtml</related_template>
         <related_breakpoints>[0, 1], [320, 2], [480, 3], [768, 4]</related_breakpoints>
         <related_timeout>6000</related_timeout>
         <related_checkbox>0</related_checkbox>
         <brand_position>secCol_1</brand_position>
         <prev_next>1</prev_next>
         <prev_text>&lt;i class=&apos;fa fa-caret-left&apos;&gt;&lt;/i&gt;</prev_text>
         <next_text>&lt;i class=&apos;fa fa-caret-right&apos;&gt;&lt;/i&gt;</next_text>
         <enable_addtocart_sticky>1</enable_addtocart_sticky>
         <disable_sticky_info_product>1</disable_sticky_info_product>
         <tab_style/>
      </product_page>
      <product_labels>
         <new>0</new>
         <new_label_text>New</new_label_text>
         <sale>1</sale>
         <sale_label_text>Sale</sale_label_text>
         <sale_label_percent>0</sale_label_percent>
      </product_labels>
      <footer>
         <links_column_auto_width>0</links_column_auto_width>
      </footer>
      <product_slider>
         <timeout/>
         <speed/>
         <move_items/>
      </product_slider>
      <magento_blocks>
         <top_links>0</top_links>
         <footer_newsletter>0</footer_newsletter>
      </magento_blocks>
      <install>
         <overwrite_blocks>0</overwrite_blocks>
         <overwrite_pages>0</overwrite_pages>
      </install>
   </cleversoftbase>
   <cleversoftbase_design>
      <colors>
         <text_color>#3b3b3b</text_color>
         <link_color>#3b3b3b</link_color>
         <link_hover_color>#81d8d0</link_hover_color>
         <button_bg_color>#81d8d0</button_bg_color>
         <button_color>#ffffff</button_color>
         <button_border_color>rgba(0, 0, 0, 0)</button_border_color>
         <button_hover_color>#ffffff</button_hover_color>
         <button_bg_hover_color>#81d8d0</button_bg_hover_color>
         <button_border_hover_color>rgba(0, 0, 0, 0)</button_border_hover_color>
         <label_sale_bg_color>#81d8d0</label_sale_bg_color>
         <label_sale_color>#ffffff</label_sale_color>
         <price_color>#999999</price_color>
         <heading_color_title>#333333</heading_color_title>
         <rating_active_color>#f9bf3b</rating_active_color>
      </colors>
      <font>
         <body_font>0</body_font>
         <font_size>14px</font_size>
         <primary_font_family_group>google</primary_font_family_group>
         <primary_font_family_custom/>
         <primary_font_family>Poppins</primary_font_family>
         <primary_char_subset>latin</primary_char_subset>
         <primary_font_weight>400</primary_font_weight>
         <h1_font>0</h1_font>
         <h2_font>0</h2_font>
         <h3_font>0</h3_font>
         <h4_font>0</h4_font>
         <h5_font>0</h5_font>
         <h6_font>0</h6_font>
      </font>
      <page>
         <bg_color>#ffffff</bg_color>
         <bg_image/>
         <bg_repeat>repeat</bg_repeat>
         <bg_attachment>scroll</bg_attachment>
         <bg_positionx>center</bg_positionx>
         <bg_positiony>top</bg_positiony>
         <tex>0</tex>
         <content_padding_side>15</content_padding_side>
      </page>
      <header>
         <color>#383838</color>
         <link_color>#383838</link_color>
         <link_hover_color>#fc6a21</link_hover_color>
         <header_opacity>1</header_opacity>
         <bg_color/>
         <bg_image/>
         <bg_repeat>no-repeat</bg_repeat>
         <bg_attachment>scroll</bg_attachment>
         <bg_positionx>center</bg_positionx>
         <bg_positiony>top</bg_positiony>
         <padding_top/>
         <padding_bottom/>
         <inner_bg_color>#ffffff</inner_bg_color>
      </header>
      <header_top>
         <color>#ffffff</color>
         <link_color>#ffffff</link_color>
         <link_hover_color/>
         <line_height>18</line_height>
         <bg_color>#000000</bg_color>
         <padding_top>10</padding_top>
         <padding_bottom>10</padding_bottom>
         <inner_bg_color/>
      </header_top>
      <header_primary>
         <line_height>24</line_height>
         <bg_color/>
         <padding_top/>
         <padding_bottom/>
         <inner_bg_color/>
      </header_primary>
      <m_header>
         <bg_color/>
         <padding_top/>
         <padding_bottom/>
         <inner_bg_color/>
         <content_padding_side/>
      </m_header>
      <nav>
         <font_size>14</font_size>
         <font_uppercase>0</font_uppercase>
         <sticky_header>#ffffff</sticky_header>
         <inner_bg_color>#fff</inner_bg_color>
         <bg_color>rgba(0, 0, 0, 0)</bg_color>
         <color>#333333</color>
         <hover_bg_color>rgba(0, 0, 0, 0)</hover_bg_color>
         <hover_color>#81d8d0</hover_color>
         <canvas_bg_content_color>#ffffff</canvas_bg_content_color>
         <canvas_color>#ffffff</canvas_color>
         <canvas_hover_color>#ffffff</canvas_hover_color>
      </nav>
      <main>
         <bg_color>#ffffff</bg_color>
         <tex>0</tex>
         <padding_top/>
         <padding_bottom/>
         <inner_bg_color>#ffffff</inner_bg_color>
         <content_padding_top>0</content_padding_top>
         <content_padding_bottom>0</content_padding_bottom>
         <content_padding_side/>
      </main>
      <page_footer>
         <bg_color>#f4f4f4</bg_color>
         <link_color>#282828</link_color>
         <color>#ffffff</color>
         <hover_color>#282828</hover_color>
      </page_footer>
      <footer_container>
         <bg_color>#000000</bg_color>
         <link_color>#ffffff</link_color>
         <color>#ffffff</color>
         <hover_color>#81d8d0</hover_color>
      </footer_container>
      <footer_copyright>
         <bg_color>#000000</bg_color>
         <color>#ffffff</color>
      </footer_copyright>
      <product_detail>
         <bg_color>#ffffff</bg_color>
         <color>#ffffff</color>
      </product_detail>
   </cleversoftbase_design>
   <cleversoftbase_custom_css>
      <css_swing_editor>
         <custom_css/>
         <custom_css_enable>0</custom_css_enable>
      </css_swing_editor>
   </cleversoftbase_custom_css>
   <cookielaw>
      <general>
         <enablecookie>1</enablecookie>
         <type>v-box</type>
         <bar_position>v-top</bar_position>
         <box_position>v-bottom-left</box_position>
         <skin/>
         <behaviour>0</behaviour>
         <autohide>0</autohide>
         <load_after>10</load_after>
      </general>
      <content>
         <show>default</show>
         <custom_message/>
         <custom_accept/>
         <custom_more_info/>
         <cms_page>privacy-policy-cookie-restriction-mode</cms_page>
      </content>
   </cookielaw>
   <clevernewsletter>
      <display_options>
         <enable>1</enable>
         <background_color>#ffffff</background_color>
         <background_image>02-12-novetty-newsletter-popup-bg-img_1.png</background_image>
         <intro/>
         <load_after>10</load_after>
         <width>600</width>
         <height>700</height>
      </display_options>
   </clevernewsletter>
   <sociallogin>
      <general>
         <enable_for_login>1</enable_for_login>
         <enable_for_register>1</enable_for_register>
         <validate_ignore>1</validate_ignore>
         <enable_photo>1</enable_photo>
         <redirect_for_login>__referer__</redirect_for_login>
         <redirect_for_register>__referer__</redirect_for_register>
      </general>
      <facebook>
         <login_btn_text>Login with Facebook</login_btn_text>
         <register_btn_text>Register with Facebook</register_btn_text>
      </facebook>
      <twitter>
         <login_btn_text>Login with Twitter</login_btn_text>
         <register_btn_text>Register with Twitter</register_btn_text>
      </twitter>
      <google>
         <login_btn_text>Login with Google</login_btn_text>
         <register_btn_text>Register with Google</register_btn_text>
      </google>
      <linkedin>
         <login_btn_text>Login with Linkedin</login_btn_text>
         <register_btn_text>Register with Linkedin</register_btn_text>
      </linkedin>
      <instagram>
         <login_btn_text>Login with Instagram</login_btn_text>
         <register_btn_text>Register with Instagram</register_btn_text>
      </instagram>
   </sociallogin>
   <clevershopby>
      <general>
         <ajax_enabled>1</ajax_enabled>
         <handle_filter_collapsing>1</handle_filter_collapsing>
         <enabled>1</enabled>
         <url>all-products</url>
      </general>
      <stock_filter>
         <enabled>1</enabled>
         <placed_block>1</placed_block>
         <position>0</position>
         <label>Stock</label>
         <is_expanded>0</is_expanded>
         <display_mode>0</display_mode>
      </stock_filter>
      <rating_filter>
         <enabled>1</enabled>
         <placed_block>1</placed_block>
         <position>0</position>
         <label>Rating</label>
         <is_expanded>0</is_expanded>
         <display_mode>0</display_mode>
      </rating_filter>
      <new_filter>
         <enabled>0</enabled>
         <placed_block>1</placed_block>
         <position>0</position>
         <label>New</label>
         <is_expanded>0</is_expanded>
         <display_mode>0</display_mode>
      </new_filter>
      <on_sale_filter>
         <enabled>0</enabled>
         <placed_block>1</placed_block>
         <position>0</position>
         <label>On Sale</label>
         <is_expanded>0</is_expanded>
         <display_mode>0</display_mode>
      </on_sale_filter>
      <tooltips>
         <enabled>1</enabled>
         <image/>
      </tooltips>
      <url>
         <mode>0</mode>
      </url>
      <robots>
         <control_robots>1</control_robots>
      </robots>
   </clevershopby>
</default>
