<?xml version="1.0"?>
<root>
  <pages>
    <cms_page>
      <title>404 Not Found</title>
      <identifier>no-route</identifier>
      <content><![CDATA[<dl>
<dt>The page you requested was not found, and we have a fine guess why.</dt>
<dd>
<ul class="disc">
<li>If you typed the URL directly, please make sure the spelling is correct.</li>
<li>If you clicked on a link to get here, the link is outdated.</li>
</ul></dd>
</dl>
<dl>
<dt>What can you do?</dt>
<dd>Have no fear, help is near! There are many ways you can get back on track with Magento Store.</dd>
<dd>
<ul class="disc">
<li><a href="#" onclick="history.go(-1); return false;">Go back</a> to the previous page.</li>
<li>Use the search bar at the top of the page to search for your products.</li>
<li>Follow these links to get you back on track!<br /><a href="{{store url=""}}">Store Home</a> <span class="separator">|</span> <a href="{{store url="customer/account"}}">My Account</a></li></ul></dd></dl>
]]></content>
      <is_active>1</is_active>
      <page_layout>2columns-right</page_layout>
      <stores>0</stores>
    </cms_page>
    <cms_page>
      <title>CleverSoft Homepage 1</title>
      <identifier>home</identifier>
      <content><![CDATA[<div class="row width-768"><!-- slideshow--> {{widget type="CleverSoft\CleverSlideShow\Block\Widget\Slideshow" slider="slideshow-home01"}} <!-- end slideshow--></div>
<!-- New Arrivals-->
<div>{{widget type="CleverSoft\CleverProduct\Block\Widget" classes="zoo-title-style1" lazyload="1" height_image="400"  image_width="280" widget_title="New Arrivals"  layout="carousel" widget_tab="none" mode="latest" category_ids="97,108,171,54" template="widget/product.phtml" labels="10" limit="6" autoplay="0" autoplaytimeout="4" navigation="1" navigation_prev="<i class='clever-icon-prev'></i>" navigation_next="<i class='clever-icon-next'></i>" col_480="2" col_768="3" col_992="4" column="4"}}</div>
<!-- End New Arrivals-->
<div></div>
<!-- Image hover-->
<p>{{widget type="CleverSoft\CleverBlock\Block\Widget" classes="zoo-widget-style1 hidden-xs" lazyload="1" image_width="280" image_height="420" height_image="265"  block_ids="12" block_lg="12,12," block_md="12,12," block_sm="12,12," block_xs="12,12," template="widget/block.phtml"}}</p>
<!-- End Image hover-->
<div></div>
<div class="row"><!-- Top Rated-->
<div>{{widget type="CleverSoft\CleverProduct\Block\Widget" widget_title="Top Rated" layout="list" lazyload="1" height_image="90" widget_tab="none" mode="rating" category_ids="54,28,119" template="widget/product.phtml" labels="10" limit="3"  image_width="90" image_height="90" classes="zoo-widget-style1 col-xs-12 col-md-4 zoo-title-style2 "}}</div>
<!-- End Top Rated-->
<div></div>
<!-- Featured--> {{widget type="CleverSoft\CleverProduct\Block\Widget" widget_title="Featured" layout="list" lazyload="1" height_image="90" widget_tab="none" mode="id" product_ids="550,818,819" template="widget/product.phtml" labels="10" limit="3" image_width="90" image_height="90"  classes="zoo-widget-style1 col-xs-12 col-md-4 zoo-title-style2 "}} <!-- End Featured-->
<div></div>
<!-- Best Selling--> {{widget type="CleverSoft\CleverProduct\Block\Widget" widget_title="Best Selling" layout="list" lazyload="1" height_image="90" widget_tab="none" mode="bestsell" category_ids="54,28,119,31,30,55,57,160,178" template="widget/product.phtml" labels="10" limit="3" image_width="90" image_height="90"  classes="zoo-widget-style1 col-xs-12 col-md-4 zoo-title-style2 "}} <!-- End Best Selling--></div>
<!-- Service Block-->
<div>{{widget type="CleverSoft\CleverBlock\Block\Widget" classes="hidden-xs" block_ids="19" block_lg="19,12," block_md="19,12," block_sm="19,12," block_xs="19,12," template="widget/block.phtml"}}</div>
<!-- End Service Block-->]]></content>
      <is_active>1</is_active>
      <page_layout>1column</page_layout>
      <stores>0</stores>
    </cms_page>
    <cms_page>
      <title>Enable Cookies</title>
      <identifier>enable-cookies</identifier>
      <content><![CDATA[<div class="enable-cookies cms-content">
<p>"Cookies" are little pieces of data we send when you visit our store. Cookies help us get to know you better and personalize your experience. Plus they help protect you and other shoppers from fraud.</p>
<p style="margin-bottom: 20px;">Set your browser to accept cookies so you can buy items, save items, and receive customized recommendations. HereÔÇÖs how:</p>
<ul>
<li><a href="https://support.google.com/accounts/answer/61416?hl=en" target="_blank">Google Chrome</a></li>
<li><a href="http://windows.microsoft.com/en-us/internet-explorer/delete-manage-cookies" target="_blank">Internet Explorer</a></li>
<li><a href="http://support.apple.com/kb/PH19214" target="_blank">Safari</a></li>
<li><a href="https://support.mozilla.org/en-US/kb/enable-and-disable-cookies-website-preferences" target="_blank">Mozilla/Firefox</a></li>
</ul>
</div>]]></content>
      <is_active>1</is_active>
      <page_layout>1column</page_layout>
      <stores>0</stores>
    </cms_page>
    <cms_page>
      <title>Privacy and Cookie Policy</title>
      <identifier>privacy-policy-cookie-restriction-mode</identifier>
      <content><![CDATA[<div class="privacy-policy cms-content">
    <div class="message info">
        <span>
            Please replace this text with you Privacy Policy.
            Please add any additional cookies your website uses below (e.g. Google Analytics).
        </span>
    </div>
    <p>
        This privacy policy sets out how this website (hereafter "the Store") uses and protects any information that
        you give the Store while using this website. The Store is committed to ensuring that your privacy is protected.
        Should we ask you to provide certain information by which you can be identified when using this website, then
        you can be assured that it will only be used in accordance with this privacy statement. The Store may change
        this policy from time to time by updating this page. You should check this page from time to time to ensure
        that you are happy with any changes.
    </p>
    <h2>What we collect</h2>
    <p>We may collect the following information:</p>
    <ul>
        <li>name</li>
        <li>contact information including email address</li>
        <li>demographic information such as postcode, preferences and interests</li>
        <li>other information relevant to customer surveys and/or offers</li>
    </ul>
    <p>
        For the exhaustive list of cookies we collect see the <a href="#list">List of cookies we collect</a> section.
    </p>
    <h2>What we do with the information we gather</h2>
    <p>
        We require this information to understand your needs and provide you with a better service,
        and in particular for the following reasons:
    </p>
    <ul>
        <li>Internal record keeping.</li>
        <li>We may use the information to improve our products and services.</li>
        <li>
            We may periodically send promotional emails about new products, special offers or other information which we
            think you may find interesting using the email address which you have provided.
        </li>
        <li>
            From time to time, we may also use your information to contact you for market research purposes.
            We may contact you by email, phone, fax or mail. We may use the information to customise the website
            according to your interests.
        </li>
    </ul>
    <h2>Security</h2>
    <p>
        We are committed to ensuring that your information is secure. In order to prevent unauthorised access or
        disclosure, we have put in place suitable physical, electronic and managerial procedures to safeguard and
        secure the information we collect online.
    </p>
    <h2>How we use cookies</h2>
    <p>
        A cookie is a small file which asks permission to be placed on your computer's hard drive.
        Once you agree, the file is added and the cookie helps analyse web traffic or lets you know when you visit
        a particular site. Cookies allow web applications to respond to you as an individual. The web application
        can tailor its operations to your needs, likes and dislikes by gathering and remembering information about
        your preferences.
    </p>
    <p>
        We use traffic log cookies to identify which pages are being used. This helps us analyse data about web page
        traffic and improve our website in order to tailor it to customer needs. We only use this information for
        statistical analysis purposes and then the data is removed from the system.
    </p>
    <p>
        Overall, cookies help us provide you with a better website, by enabling us to monitor which pages you find
        useful and which you do not. A cookie in no way gives us access to your computer or any information about you,
        other than the data you choose to share with us. You can choose to accept or decline cookies.
        Most web browsers automatically accept cookies, but you can usually modify your browser setting
        to decline cookies if you prefer. This may prevent you from taking full advantage of the website.
    </p>
    <h2>Links to other websites</h2>
    <p>
        Our website may contain links to other websites of interest. However, once you have used these links
        to leave our site, you should note that we do not have any control over that other website.
        Therefore, we cannot be responsible for the protection and privacy of any information which you provide whilst
        visiting such sites and such sites are not governed by this privacy statement.
        You should exercise caution and look at the privacy statement applicable to the website in question.
    </p>
    <h2>Controlling your personal information</h2>
    <p>You may choose to restrict the collection or use of your personal information in the following ways:</p>
    <ul>
        <li>
            whenever you are asked to fill in a form on the website, look for the box that you can click to indicate
            that you do not want the information to be used by anybody for direct marketing purposes
        </li>
        <li>
            if you have previously agreed to us using your personal information for direct marketing purposes,
            you may change your mind at any time by letting us know using our Contact Us information
        </li>
    </ul>
    <p>
        We will not sell, distribute or lease your personal information to third parties unless we have your permission
        or are required by law to do so. We may use your personal information to send you promotional information
        about third parties which we think you may find interesting if you tell us that you wish this to happen.
    </p>
    <p>
        You may request details of personal information which we hold about you under the Data Protection Act 1998.
        A small fee will be payable. If you would like a copy of the information held on you please email us this
        request using our Contact Us information.
    </p>
    <p>
        If you believe that any information we are holding on you is incorrect or incomplete,
        please write to or email us as soon as possible, at the above address.
        We will promptly correct any information found to be incorrect.
    </p>
    <h2><a name="list"></a>List of cookies we collect</h2>
    <p>The table below lists the cookies we collect and what information they store.</p>
    <table class="data-table data-table-definition-list">
        <thead>
        <tr>
            <th>Cookie Name</th>
            <th>Cookie Description</th>
        </tr>
        </thead>
        <tbody>
            <tr>
                <th>FORM_KEY</th>
                <td>Stores randomly generated key used to prevent forged requests.</td>
            </tr>
            <tr>
                <th>PHPSESSID</th>
                <td>Your session ID on the server.</td>
            </tr>
            <tr>
                <th>GUEST-VIEW</th>
                <td>Allows guests to view and edit their orders.</td>
            </tr>
            <tr>
                <th>PERSISTENT_SHOPPING_CART</th>
                <td>A link to information about your cart and viewing history, if you have asked for this.</td>
            </tr>
            <tr>
                <th>STF</th>
                <td>Information on products you have emailed to friends.</td>
            </tr>
            <tr>
                <th>STORE</th>
                <td>The store view or language you have selected.</td>
            </tr>
            <tr>
                <th>USER_ALLOWED_SAVE_COOKIE</th>
                <td>Indicates whether a customer allowed to use cookies.</td>
            </tr>
            <tr>
                <th>MAGE-CACHE-SESSID</th>
                <td>Facilitates caching of content on the browser to make pages load faster.</td>
            </tr>
            <tr>
                <th>MAGE-CACHE-STORAGE</th>
                <td>Facilitates caching of content on the browser to make pages load faster.</td>
            </tr>
            <tr>
                <th>MAGE-CACHE-STORAGE-SECTION-INVALIDATION</th>
                <td>Facilitates caching of content on the browser to make pages load faster.</td>
            </tr>
            <tr>
                <th>MAGE-CACHE-TIMEOUT</th>
                <td>Facilitates caching of content on the browser to make pages load faster.</td>
            </tr>
            <tr>
                <th>SECTION-DATA-IDS</th>
                <td>Facilitates caching of content on the browser to make pages load faster.</td>
            </tr>
            <tr>
                <th>PRIVATE_CONTENT_VERSION</th>
                <td>Facilitates caching of content on the browser to make pages load faster.</td>
            </tr>
            <tr>
                <th>X-MAGENTO-VARY</th>
                <td>Facilitates caching of content on the server to make pages load faster.</td>
            </tr>
            <tr>
                <th>MAGE-TRANSLATION-FILE-VERSION</th>
                <td>Facilitates translation of content to other languages.</td>
            </tr>
            <tr>
                <th>MAGE-TRANSLATION-STORAGE</th>
                <td>Facilitates translation of content to other languages.</td>
            </tr>
        </tbody>
    </table>
</div>]]></content>
      <is_active>1</is_active>
      <page_layout>1column</page_layout>
      <stores>0</stores>
    </cms_page>
    <cms_page>
      <title>About Us</title>
      <identifier>about-us</identifier>
      <content><![CDATA[<div class="about-us">
<div class="feature-img-aboutus"><img class="img-responsive" src="{{media url="wysiwyg/novetty-about.jpg"}}" alt="" /></div>
<div class="content-aboutus">
<div class="item-aboutus row">
<div class="left-item-aboutus col-lg-3 col-md-3 col-xs-12">
<h2>Who we are</h2>
</div>
<div class="right-item-aboutus col-lg-9 col-md-9 col-xs-12">
<p>We focus on creating cutting edge designs using the latest in web technologies and tools. With every new project, we take the opportunity to discover new innovative potential.</p>
<h3>We creat beautiful collection!</h3>
<ul>
<li>Always the unique &amp; simple design</li>
<li>Multi color for another choose</li>
<li>Money back guarantee</li>
</ul>
</div>
</div>
<div class="item-aboutus row">
<div class="left-item-aboutus  col-lg-3 col-md-3 col-xs-12">
<h2>Who we are</h2>
</div>
<div class="right-item-aboutus col-lg-9 col-md-9 col-xs-12">
<p>We focus on creating cutting edge designs using the latest in web technologies and tools. With every new project, we take the opportunity to discover new innovative potential.</p>
<h3>You are curious about our work?</h3>
<ul>
<li>Creat the awesome fashion collection</li>
<li>Organizing fashion festivals modern style</li>
<li>Crazy style! Why not?</li>
</ul>
</div>
</div>
<div class="item-aboutus meet-team row">
<div class="left-item-aboutus  col-lg-3 col-md-3 col-xs-12">
<h2>Meet our team!</h2>
</div>
<div class="right-item-aboutus col-lg-9 col-md-9 col-xs-12">
<p>We focus on creating cutting edge designs using the latest in web technologies and tools. With every new project, we take the opportunity to discover new innovative potential.</p>
<ul class="row">
<li class="col-lg-4 col-md-4 col-xs-12"><img class="img-responsive" src="{{media url="wysiwyg/about-customer-1.jpg"}}" alt="" />
<h3>Natalia Gomezt</h3>
<span>Fashion Designer</span></li>
<li class="col-lg-4 col-md-4 col-xs-12"><img class="img-responsive" src="{{media url="wysiwyg/about-customer-2.jpg"}}" alt="" />
<h3>Natalia Gomezt</h3>
<span>Fashion Designer</span></li>
<li class="col-lg-4 col-md-4 col-xs-12"><img class="img-responsive" src="{{media url="wysiwyg/about-customer-3.jpg"}}" alt="" />
<h3>Natalia Gomezt</h3>
<span>Fashion Designer</span></li>
</ul>
</div>
</div>
</div>
</div>]]></content>
      <is_active>1</is_active>
      <page_layout>1column</page_layout>
      <stores>0</stores>
    </cms_page>
    <cms_page>
      <title>Contact</title>
      <identifier>contact</identifier>
      <content><![CDATA[<p>ngon</p>
<p>sadfasdfasdfasdf</p>]]></content>
      <is_active>1</is_active>
      <page_layout>1column</page_layout>
      <stores>0</stores>
    </cms_page>
    <cms_page>
      <title>About Us Left Sidebar</title>
      <identifier>about-us-left-sidebar</identifier>
      <content><![CDATA[<div class="feature-img-aboutus"><img class="img-responsive" src="{{media url="wysiwyg/novetty-about.jpg"}}" alt="" /></div>
<div class="content-aboutus">
<div class="item-aboutus row">
<div class="left-item-aboutus col-lg-3 col-md-3 col-xs-12">
<h2>Who we are</h2>
</div>
<div class="right-item-aboutus col-lg-9 col-md-9 col-xs-12">
<p>We focus on creating cutting edge designs using the latest in web technologies and tools. With every new project, we take the opportunity to discover new innovative potential.</p>
<h3>We creat beautiful collection!</h3>
<ul>
<li>Always the unique &amp; simple design</li>
<li>Multi color for another choose</li>
<li>Money back guarantee</li>
</ul>
</div>
</div>
<div class="item-aboutus row">
<div class="left-item-aboutus  col-lg-3 col-md-3 col-xs-12">
<h2>Who we are</h2>
</div>
<div class="right-item-aboutus col-lg-9 col-md-9 col-xs-12">
<p>We focus on creating cutting edge designs using the latest in web technologies and tools. With every new project, we take the opportunity to discover new innovative potential.</p>
<h3>You are curious about our work?</h3>
<ul>
<li>Creat the awesome fashion collection</li>
<li>Organizing fashion festivals modern style</li>
<li>Crazy style! Why not?</li>
</ul>
</div>
</div>
<div class="item-aboutus meet-team row">
<div class="left-item-aboutus  col-lg-3 col-md-3 col-xs-12">
<h2>Meet our team!</h2>
</div>
<div class="right-item-aboutus col-lg-9 col-md-9 col-xs-12">
<p>We focus on creating cutting edge designs using the latest in web technologies and tools. With every new project, we take the opportunity to discover new innovative potential.</p>
<ul class="row">
<li class="col-lg-4 col-md-4 col-xs-12"><img class="img-responsive" src="{{media url="wysiwyg/about-customer-1.jpg"}}" alt="" />
<h3>Natalia Gomezt</h3>
<span>Fashion Designer</span></li>
<li class="col-lg-4 col-md-4 col-xs-12"><img class="img-responsive" src="{{media url="wysiwyg/about-customer-2.jpg"}}" alt="" />
<h3>Natalia Gomezt</h3>
<span>Fashion Designer</span></li>
<li class="col-lg-4 col-md-4 col-xs-12"><img class="img-responsive" src="{{media url="wysiwyg/about-customer-3.jpg"}}" alt="" />
<h3>Natalia Gomezt</h3>
<span>Fashion Designer</span></li>
</ul>
</div>
</div>
</div>]]></content>
      <is_active>1</is_active>
      <page_layout>2columns-left</page_layout>
      <stores>0</stores>
    </cms_page>
    <cms_page>
      <title>About Us Right Sidebar</title>
      <identifier>about-us-right-sidebar</identifier>
      <content><![CDATA[<div class="feature-img-aboutus"><img class="img-responsive" src="{{media url="wysiwyg/novetty-about.jpg"}}" alt="" /></div>
<div class="content-aboutus">
<div class="item-aboutus row">
<div class="left-item-aboutus col-lg-3 col-md-3 col-xs-12">
<h2>Who we are</h2>
</div>
<div class="right-item-aboutus col-lg-9 col-md-9 col-xs-12">
<p>We focus on creating cutting edge designs using the latest in web technologies and tools. With every new project, we take the opportunity to discover new innovative potential.</p>
<h3>We creat beautiful collection!</h3>
<ul>
<li>Always the unique &amp; simple design</li>
<li>Multi color for another choose</li>
<li>Money back guarantee</li>
</ul>
</div>
</div>
<div class="item-aboutus row">
<div class="left-item-aboutus  col-lg-3 col-md-3 col-xs-12">
<h2>Who we are</h2>
</div>
<div class="right-item-aboutus col-lg-9 col-md-9 col-xs-12">
<p>We focus on creating cutting edge designs using the latest in web technologies and tools. With every new project, we take the opportunity to discover new innovative potential.</p>
<h3>You are curious about our work?</h3>
<ul>
<li>Creat the awesome fashion collection</li>
<li>Organizing fashion festivals modern style</li>
<li>Crazy style! Why not?</li>
</ul>
</div>
</div>
<div class="item-aboutus meet-team row">
<div class="left-item-aboutus  col-lg-3 col-md-3 col-xs-12">
<h2>Meet our team!</h2>
</div>
<div class="right-item-aboutus col-lg-9 col-md-9 col-xs-12">
<p>We focus on creating cutting edge designs using the latest in web technologies and tools. With every new project, we take the opportunity to discover new innovative potential.</p>
<ul class="row">
<li class="col-lg-4 col-md-4 col-xs-12"><img class="img-responsive" src="{{media url="wysiwyg/about-customer-1.jpg"}}" alt="" />
<h3>Natalia Gomezt</h3>
<span>Fashion Designer</span></li>
<li class="col-lg-4 col-md-4 col-xs-12"><img class="img-responsive" src="{{media url="wysiwyg/about-customer-2.jpg"}}" alt="" />
<h3>Natalia Gomezt</h3>
<span>Fashion Designer</span></li>
<li class="col-lg-4 col-md-4 col-xs-12"><img class="img-responsive" src="{{media url="wysiwyg/about-customer-3.jpg"}}" alt="" />
<h3>Natalia Gomezt</h3>
<span>Fashion Designer</span></li>
</ul>
</div>
</div>
</div>]]></content>
      <is_active>1</is_active>
      <page_layout>2columns-right</page_layout>
      <stores>0</stores>
    </cms_page>
    <cms_page>
      <title>CleverSoft Homepage 2</title>
      <identifier>cleversoft-homepage-2</identifier>
      <content><![CDATA[<!-- Slideshow-->
<div>{{widget type="CleverSoft\CleverSlideShow\Block\Widget\Slideshow" slider="slideshow-home02"}}</div>
<!-- End slideshow-->
<div></div>
<!-- Image Block-->
<div>{{widget type="CleverSoft\CleverBlock\Block\Widget" block_ids="26" block_lg="26,12," block_md="26,12," block_sm="26,12," block_xs="26,12," template="widget/block.phtml"}}</div>
<!-- End Image Block-->
<div></div>
<!-- New Arrivals-->
<div>{{widget type="CleverSoft\CleverProduct\Block\Widget" widget_title="New Arrivals For Skater" layout="carousel" widget_tab="none" mode="latest" category_ids="97,108,171" template="widget/product.phtml" labels="10" limit="10" autoplaytimeout="5000" navigation="1" navigation_prev="<i class='cs-font clever-icon-prev'></i>" navigation_next="<i class='cs-font clever-icon-next'></i>" col_480="2" col_768="3" col_992="4" column="5" classes="zoo-widget-style2 zoo-title-style1 bg-transparent"}}</div>
<!-- End New Arrivals-->
<div></div>
<!-- Service Block-->
<div>{{widget type="CleverSoft\CleverBlock\Block\Widget" enable_fullwidth="1" classes="service-items" block_ids="25" block_lg="25,12," block_md="25,12," block_sm="25,12," block_xs="25,12," template="widget/block.phtml"}}</div>
<!-- End Service Block-->
<div></div>
<!-- Testimonial-->
<div>{{widget type="CleverSoft\CleverBlock\Block\Widget" enable_fullwidth="1" classes="text-center testimonial02" block_ids="22,23,24" block_lg="22,4,|23,4,|24,4," block_md="22,4,|23,4,|24,4," block_sm="22,4,|23,4,|24,4,4," block_xs="22,4,|23,4,|24,4," template="widget/block.phtml" background="parallax" parallax_type="image" parallax_image_src="wysiwyg/images/home02/img-parallax.jpg" scroll="1" autoplay="1" autoplayhoverpause="1" autoplaytimeout="5000" enable_bullet="1" col_480="1" col_768="1" col_992="1" column="1"}}</div>
<!-- End Testimonial-->
<div></div>
<!-- Subscribe  -->
<div>{{widget type="CleverSoft\CleverBlock\Block\Widget" classes="newsletters-home2" enable_fullwidth="0" block_ids="21" block_lg="21,12," block_md="21,12," block_sm="21,12," block_xs="21,12," template="widget/block.phtml"}}</div>
<!-- End Subscribe -->]]></content>
      <is_active>1</is_active>
      <page_layout>1column</page_layout>
      <stores>0</stores>
    </cms_page>
    <cms_page>
      <title>Blog</title>
      <identifier>blog</identifier>
      <content><![CDATA[blog]]></content>
      <is_active>1</is_active>
      <page_layout>1column</page_layout>
      <stores>0</stores>
    </cms_page>
    <cms_page>
      <title>CleverSoft Homepage 3</title>
      <identifier>cleversoft-homepage-3</identifier>
      <content><![CDATA[<!-- Slideshow -->
{{widget type="CleverSoft\CleverSlideShow\Block\Widget\Slideshow" slider="slideshow-home03"}}
<!-- End Slideshow -->
<div></div>
<!-- Image block -->
<div>{{widget type="CleverSoft\CleverBlock\Block\Widget" enable_fullwidth="1" classes="main-static-images" block_ids="37" block_lg="37,12," block_md="37,12," block_sm="37,12," block_xs="37,12," template="widget/block.phtml"}}</div>
<!-- End Image block -->
<div></div>
<!-- New Arrivals -->
<div>{{widget type="CleverSoft\CleverProduct\Block\Widget" widget_title="New Arrivals" layout="carousel" widget_tab="none" mode="latest" category_ids="54" template="widget/product.phtml" labels="10" limit="10" navigation="1" navigation_prev="<i class='cs-font clever-icon-prev'></i>" navigation_next="<i class='cs-font clever-icon-next'></i>" col_480="1" col_768="1" col_992="2" column="5" classes="zoo-widget-style2 zoo-title-style4 container bg-transparent"}}</div>
<!-- End New Arrivals -->
<!-- Banner block -->
<div>{{widget type="CleverSoft\CleverBlock\Block\Widget" enable_fullwidth="1" classes="static-banner-girl" block_ids="38" block_lg="38,12," block_md="38,12," block_sm="38,12," block_xs="38,12," template="widget/block.phtml"}}</div>
<!-- End Banner block -->
<div></div>
<!-- Newsletter -->
<div>{{widget type="CleverSoft\CleverBlock\Block\Widget" enable_fullwidth="1" classes="home03" block_ids="39" block_lg="39,12," block_md="39,12," block_sm="39,12," block_xs="39,12," template="widget/block.phtml"}}</div>
<!-- End Newsletter -->]]></content>
      <is_active>1</is_active>
      <page_layout>1column</page_layout>
      <stores>0</stores>
    </cms_page>
    <cms_page>
      <title>CleverSoft Homepage 4</title>
      <identifier>cleversoft-homepage-4</identifier>
      <content><![CDATA[<!-- slideshow-->
<div>{{widget type="CleverSoft\CleverSlideShow\Block\Widget\Slideshow" slider="slideshow-home04"}}</div>
<!-- end slideshow-->
<div></div>
<!-- Image block-->
<div>{{widget type="CleverSoft\CleverBlock\Block\Widget" block_ids="40" block_lg="40,12," block_md="40,12," block_sm="40,12," block_xs="40,12," template="widget/block.phtml"}}</div>
<!-- end Image block-->
<div></div>
<!-- New Arrivals For Him-->
<div>{{widget type="CleverSoft\CleverProduct\Block\Widget" layout="carousel" lazyload="1" height_image="270" widget_tab="none" mode="latest" category_ids="97,108,171" image_width="300" widget_title="New Arrivals For Him" template="widget/product.phtml" labels="10" limit="10" autoplaytimeout="5000" navigation="1" navigation_prev="<i class='clever-icon-prev'></i>" navigation_next="<i class='clever-icon-next'></i>" col_480="2" col_768="2" col_992="3" column="4" classes="zoo-widget-style2 zoo-title-style1"}}</div>
<!-- End New Arrivals For Him-->
<div></div>
<!-- New Arrivals For Her-->
<div>{{widget type="CleverSoft\CleverProduct\Block\Widget" layout="carousel" lazyload="1" height_image="270" widget_tab="none" mode="latest" category_ids="54" image_width="300" widget_title="New Arrivals For Her" template="widget/product.phtml" labels="10" limit="10" autoplaytimeout="5000" navigation="1" navigation_prev="<i class='clever-icon-prev'></i>" navigation_next="<i class='clever-icon-next'></i>" col_480="2" col_768="2" col_992="3" column="4" classes="zoo-widget-style1 zoo-title-style1"}}</div>
<!-- End New Arrivals For Her-->
<div></div>
<!-- Static Block -->
<div>{{widget type="CleverSoft\CleverBlock\Block\Widget" enable_fullwidth="1" block_ids="54" block_lg="41,12," block_md="41,12," block_sm="41,12," block_xs="41,12," template="widget/block.phtml" background="parallax" parallax_type="image"  parallax_image_src="wysiwyg/images/home04/bg-footer-top-home04.jpg"}}</div>
<!-- End Static Block-->]]></content>
      <is_active>1</is_active>
      <page_layout>1column</page_layout>
      <stores>0</stores>
    </cms_page>
    <cms_page>
      <title>CleverSoft Homepage 5</title>
      <identifier>cleversoft-homepage-5</identifier>
      <content><![CDATA[<!-- Static shop -->
<div>{{widget type="CleverSoft\CleverBlock\Block\Widget" classes="home05" block_ids="47" block_lg="47,12," block_md="47,12," block_sm="47,12," block_xs="47,12," template="widget/block.phtml"}}</div>
<!-- End Static shop -->
<div></div>
<!-- New Arrivals -->
<div>{{widget type="CleverSoft\CleverProduct\Block\Widget" widget_title="New Arrivals" classes="zoo-title-style1" layout="carousel" widget_tab="none" mode="random" category_ids="178" template="widget/product.phtml" labels="10" limit="10" autoplaytimeout="5000" navigation="1" navigation_prev="<i class='clever-icon-prev'></i>" navigation_next="<i class='clever-icon-next'></i>" col_480="1" col_768="2" col_992="3" column="3"}}</div>
<!-- End New Arrivals -->
<div></div>
<!-- From Blog -->
<div>{{widget type="Magefan\Blog\Block\Widget\Recent" title="Lastest News" number_of_posts="3" custom_template="widget/blog_home05.phtml"}}</div> 
<!-- End From Blog -->]]></content>
      <is_active>1</is_active>
      <page_layout>2columns-left</page_layout>
      <stores>0</stores>
    </cms_page>
    <cms_page>
      <title>CleverSoft Homepage 6</title>
      <identifier>cleversoft-homepage-6</identifier>
      <content><![CDATA[<!-- Image Banner -->
<div>{{widget type="CleverSoft\CleverBlock\Block\Widget" layout="list" widget_tab="categories" template="widget/block.phtml" labels="10" limit="10" product_im_w="220" classes="image-banner zoo-widget-style2" block_ids="49" block_lg="49,12," block_md="49,12," block_sm="49,12," block_xs="49,12,"}}</div>
<!-- End Image Banner -->
<div></div>
<!-- Product tab -->
<div>
<div class="featured-products">
<h3 class="title">Featured Products</h3>
</div>
{{widget type="CleverSoft\CleverProduct\Block\Widget" layout="grid" widget_tab="categories" category_ids="97,54,31" template="widget/product.phtml"  limit="8"  image_width="300" image_height="400" classes="zoo-widget-style1 home06"}}</div>
<!-- End Product tab -->
<div></div>
<!-- Image Static -->
<div>{{widget type="CleverSoft\CleverBlock\Block\Widget" enable_fullwidth="1" classes="parallax-home06 zoo-widget-style1" block_ids="51" block_lg="51,12," block_md="51,12," block_sm="51,12," block_xs="51,12," template="widget/block.phtml" background="parallax" parallax_type="image" parallax_image_src="wysiwyg/images/home06/parallax-home06.jpg" background_overlay="#f8f8f8" background_overlay_o="0"}}</div>
<!-- End Image Static -->
<div></div>
<!-- From Blog -->
<div class="zoo-widget-style2">{{widget type="Magefan\Blog\Block\Widget\Recent" title="From Blog" number_of_posts="3" custom_template="widget/blog_home06.phtml"}}</div>
<!-- End From Blog -->
<div></div>
<!-- Button Static -->
<div>{{widget type="CleverSoft\CleverBlock\Block\Widget" enable_fullwidth="1" block_ids="50" block_lg="50,12," block_md="50,12," block_sm="50,12," block_xs="50,12," template="widget/block.phtml"}}</div>
<!-- End Button Static -->
<div></div>
<!-- Logo Brand -->
<div>{{widget type="CleverSoft\CleverBlock\Block\Widget" autoplay="1" autoplaytimeout="10000" classes="carousel-home-6" block_ids="70,71,72,73,74" block_lg="70,2,|71,2,|72,2,|73,2,|74,4," block_md="70,2,|71,2,|72,2,|73,2,|74,4," block_sm="70,2,|71,2,|72,2,|73,2,|74,4," block_xs="70,2,|71,2,|72,2,|73,2,|74,4," template="widget/block.phtml" scroll="1" navigation_prev="<i class='clever-icon-prev'></i>" navigation_next="<i class='clever-icon-next'></i>" col_480="2" col_768="3" col_992="4" column="6"}}</div>
<!-- End Logo Brand -->]]></content>
      <is_active>1</is_active>
      <page_layout>1column</page_layout>
      <stores>0</stores>
    </cms_page>
    <cms_page>
      <title>CleverSoft Homepage 8</title>
      <identifier>cleversoft-homepage-8</identifier>
      <content><![CDATA[<div>{{widget type="CleverSoft\CleverBlock\Block\Widget" enable_fullwidth="1" classes="home08" block_ids="76,77,78,79" block_lg="76,3,|77,3,|78,3,|79,3," block_md="76,3,|77,3,|78,3,|79,3," block_sm="76,3,|77,3,|78,3,|79,3," block_xs="76,3,|77,3,|78,3,|79,3," template="widget/block.phtml"  scroll="1" autoplay="1" autoplayhoverpause="1" autoplaytimeout="5000" navigation="1" navigation_prev="<i class='clever-icon-prev-arrow-1'></i>" navigation_next="<i class='clever-icon-next-arrow-1'></i>" col_480="1" col_768="2" col_992="3" column="3"}}</div> 
]]></content>
      <is_active>1</is_active>
      <page_layout>1column</page_layout>
      <stores>0</stores>
    </cms_page>
    <cms_page>
      <title>CleverSoft Homepage 7</title>
      <identifier>cleversoft-homepage-7</identifier>
      <content><![CDATA[
<!-- slideshow-->
<div>{{widget type="CleverSoft\CleverSlideShow\Block\Widget\Slideshow" slider="slideshow-home07"}}</div>
<!-- end slideshow-->
<div></div>
<!-- Image block-->
<div>{{widget type="CleverSoft\CleverBlock\Block\Widget" classes="zoo-widget-style1" block_ids="109" block_lg="109,12," block_md="109,12," block_sm="109,12," block_xs="109,12," template="widget/block.phtml"}}</div>
<!-- end Image block-->
<div></div>
<!-- Featured Products-->
<div>{{widget type="CleverSoft\CleverProduct\Block\Widget" widget_title="Featured Products" layout="carousel" widget_tab="none" mode="latest" category_ids="181,182,184,183" template="widget/product.phtml" labels="10" limit="10" autoplay="1" autoplayhoverpause="1" autoplaytimeout="3000" navigation="1" navigation_prev="<i class=' clever-icon-prev'></i>" navigation_next="<i class=' clever-icon-next'></i>" col_480="2" col_768="3" col_992="4" column="4" classes="zoo-widget-style5 title-style5 "}}</div>
<!-- End Featured Products -->
<div></div>
<!-- Image Parallax-->
<div>{{widget type="CleverSoft\CleverBlock\Block\Widget" enable_fullwidth="1" classes="zoo-widget-style2 parallax-07" block_ids="68" block_lg="68,12," block_md="68,12," block_sm="68,12," block_xs="68,12," template="widget/block.phtml" background="parallax" parallax_type="image" parallax_image_src="wysiwyg/images/home07/parallax-home07.jpg"}}</div>
<!-- End Image Parallax-->
<div></div>
<!-- New Arrivals-->
<div>{{widget type="CleverSoft\CleverProduct\Block\Widget" widget_title="New Arrivals" layout="carousel" widget_tab="none" mode="new" category_ids="181,182,184,183" template="widget/product.phtml" labels="10" limit="10" autoplay="1" autoplayhoverpause="1" autoplaytimeout="3000" navigation="1" navigation_prev="<i class=' clever-icon-prev'></i>" navigation_next="<i class=' clever-icon-next'></i>" col_480="2" col_768="3" col_992="4" column="4" classes="zoo-widget-style5 title-style5 "}}</div>
<!-- End New Arrivals -->
<div></div>
<!-- Testimonial-->
<div>{{widget type="CleverSoft\CleverBlock\Block\Widget" enable_fullwidth="1" classes="testimonial07" block_ids="63,66,67" block_lg="63,4,|66,4,|67,4," block_md="63,4,|66,4,|67,4," block_sm="63,4,|66,4,|67,4," block_xs="63,4,|66,4,|67,4," template="widget/block.phtml" scroll="1" autoplay="1" autoplayhoverpause="1" autoplaytimeout="5000" enable_bullet="1" col_480="1" col_768="1" col_992="1" column="1"}}</div>
<!-- End Testimonial-->
<div></div>
<!-- Lastest News -->
<div>{{widget type="Magefan\Blog\Block\Widget\Recent" title="Lastest News" number_of_posts="3" custom_template="widget/blog_home07.phtml"}}</div>
<!-- End Lastest News -->
<div></div>
<!-- Content Static-->
<div>{{widget type="CleverSoft\CleverBlock\Block\Widget" enable_fullwidth="1" block_ids="62" block_lg="62,12," block_md="62,12," block_sm="62,12," block_xs="62,12," template="widget/block.phtml"}}</div>
<!-- End Content Static-->]]></content>
      <is_active>1</is_active>
      <page_layout>1column</page_layout>
      <stores>0</stores>
    </cms_page>
    <cms_page>
      <title>CleverSoft HomePage 9</title>
      <identifier>cleversoft-homepage-9</identifier>
      <content><![CDATA[<div class="row width-768"><!-- vertical menu-->
<div class="col-sm-3 col-lg-2 hidden-xs zoo-widget-style2 padding-right-0 width-hidden-768">
<div class="zoo-navigation-vertical">
<div class="block-title"><i class="fa fa-bars"></i>
<h4>Categories</h4>
</div>
</div>
{{widget type="CleverSoft\MegaMenus\Block\Widget\Megamenu" menu="home-09-vertical-menu"}}</div>
<!--end  vertical menu-->
<div></div>
<!-- slideshow--> {{widget type="CleverSoft\CleverSlideShow\Block\Widget\Slideshow" slider="slideshow-home09"}} <!-- end slideshow-->
<div></div>
<!-- Image Block--> {{widget classes="visible-lg padding-left-0 col-sm-3" type="CleverSoft\CleverBlock\Block\Widget" block_ids="97" block_lg="97,12," block_md="97,12," block_sm="97,12," block_xs="97,12," template="widget/block.phtml"}} <!-- End Image Block--></div>
<div></div>
<!-- Product Countdown -->
<div>{{widget type="CleverSoft\CleverProduct\Block\Widget" widget_title="Today&rsquo;s Deal" classes="zoo-title-style2 product_countdown"  image_width="400" lazyload="1" height_image="331" layout="carousel" countdown="1" widget_tab="none" mode="latest" category_ids="251,250,249,248,247,246,245,244,243,242,192,191,190,188" template="widget/product.phtml" labels="10" limit="6" autoplay="0" autoplayhoverpause="1" navigation="1" autoplaytimeout="4000" navigation_prev="<i class='clever-icon-prev'></i>" navigation_next="<i class=' clever-icon-next'></i>" col_480="1" col_768="3" col_992="3" column="4"}}</div>
<!-- End Product Countdown -->
<div></div>
<div class="box-market">
<div id="color-section1" class="smooth-section"></div>
<div class="color-section color-section1 zoo-widget-style2">
<div class="row"><!-- vertical women menu-->
<div class="vertical-menu-category col-md-3 col-lg-2 hidden-xs hidden-sm padding-0">{{widget type="CleverSoft\MegaMenus\Block\Widget\Megamenu" menu="home09-women"}}</div>
<!--end  vertical women menu-->
<div></div>
<!-- slideshow women -->{{widget type="CleverSoft\CleverSlideShow\Block\Widget\Slideshow" slider="slideshowwomen-home09"}} <!-- end slideshow women -->
<div></div>
<!-- Tab product --> {{widget classes="tab-style2 box-product-grid col-md-9 col-lg-6 padding-0" widget_title="Women" type="CleverSoft\CleverProduct\Block\Widget" layout="grid2" lazyload="1" height_image="212" lazyload="1" height_image="212" widget_tab="none" category_ids="251,250,249,248,247,246,245,244,243,242" image_width="300" image_height="300" template="widget/product.phtml" labels="New Arrivals||Best Sellers" limit="6" product_m_w="180px"}} <!-- End Tab product  --></div>
</div>
<div></div>
<!-- Logo Brand -->
<div>{{widget type="CleverSoft\CleverBrands\Block\Widget\Adminhtml\Brands" customclass="zoo-widget-style1 carousel-home-9 logo-brand" brands="demo,demo,demo,demo,demo,demo,demo" linkto=",,,,,,," img="http://192.168.1.32/novetty_bk/pub/media/wysiwyg/images/home09/logobrand/women/1.png,http://192.168.1.32/novetty_bk/pub/media/wysiwyg/images/home09/logobrand/women/2.png,http://192.168.1.32/novetty_bk/pub/media/wysiwyg/images/home09/logobrand/women/3.png,http://192.168.1.32/novetty_bk/pub/media/wysiwyg/images/home09/logobrand/women/4.png,http://192.168.1.32/novetty_bk/pub/media/wysiwyg/images/home09/logobrand/women/5.png,http://192.168.1.32/novetty_bk/pub/media/wysiwyg/images/home09/logobrand/women/6.png,http://192.168.1.32/novetty_bk/pub/media/wysiwyg/images/home09/logobrand/women/7.png" layoutwg="carousel" height_image="85" autoplay="1" hoverpause="1" autoplaytime="5" enable_nav="1" navigation_prev="<i class='clever-icon-prev'></i>" navigation_next="<i class=' clever-icon-next'></i>"nbi480="2" nbi768="3" nbi990="4" nbi1200="5"}}</div>
<!-- End Logo Brand -->
<div></div>
<div id="color-section2" class="smooth-section"></div>
<div class="color-section color-section2 zoo-widget-style1">
<div class="row"><!-- vertical men menu-->
<div class="vertical-menu-category col-md-3 col-lg-2 hidden-xs hidden-sm padding-0">{{widget type="CleverSoft\MegaMenus\Block\Widget\Megamenu" menu="home09-men"}}</div>
<!--end  vertical men menu-->
<div></div>
<!-- slideshow men --> {{widget type="CleverSoft\CleverSlideShow\Block\Widget\Slideshow" slider="slideshowmen-home09"}}<!-- end slideshow men -->
<div></div>
<!-- men product -->
<div class="box-product-grid padding-0 col-xs-12 col-md-9 col-lg-6">
<div class="product-gird-left padding-0 col-sm-8">{{widget classes="hidden-xs product-gird-left-top" type="CleverSoft\CleverBlock\Block\Widget" block_ids="116" block_lg="116,12," block_md="116,12," block_sm="116,12," block_xs="116,12," template="widget/block.phtml"}} {{widget classes="product-gird-left-bottom tab-style2" widget_title="Men" type="CleverSoft\CleverProduct\Block\Widget" layout="grid2" image_width="212" image_height="212" lazyload="1" height_image="212" widget_tab="none" category_ids="97" template="widget/product.phtml" limit="2" product_m_w="180px"}}</div>
{{widget classes="product-gird-right tab-style2 col-sm-4 padding-0" type="CleverSoft\CleverProduct\Block\Widget" layout="grid2" image_width="212" image_height="212" lazyload="1" height_image="212" widget_tab="none" category_ids="108,171" template="widget/product.phtml" limit="2" product_m_w="180px"}}</div>
<!-- End men product  --></div>
</div>
<div></div>
<div id="color-section3" class="smooth-section"></div>
<div class="color-section color-section3 zoo-widget-style1">
<div class="row"><!-- vertical jewelry menu-->
<div class="vertical-menu-category col-md-3 col-lg-2 hidden-xs hidden-sm padding-0">{{widget type="CleverSoft\MegaMenus\Block\Widget\Megamenu" menu="home09-jewelry"}}</div>
<!--end  vertical jewelry menu-->
<div></div>
<!-- slideshow jewelry -->{{widget type="CleverSoft\CleverSlideShow\Block\Widget\Slideshow" slider="slideshowjewelry-home09"}}<!-- end slideshow jewelry -->
<div></div>
<!-- jewelry product -->
<div class="box-product-grid padding-0 col-md-9 col-lg-6">
<div class="product-gird-left padding-0 col-sm-8">{{widget classes="product-gird-left-bottom tab-style2" widget_title="Jewelry" type="CleverSoft\CleverProduct\Block\Widget" layout="grid2" lazyload="1" height_image="212" widget_tab="none" category_ids="187,193,194,195,196,197,198,199,200" template="widget/product.phtml" limit="4" product_m_w="180px"}}</div>
{{widget type="CleverSoft\CleverBrands\Block\Widget\Adminhtml\Brands" brands="demo,demo,demo,demo" linkto=",,," img="http://192.168.1.52/novetty_bk/pub/media/wysiwyg/images/home09/logobrand/Jewelry/1.png,http://192.168.1.52/novetty_bk/pub/media/wysiwyg/images/home09/logobrand/Jewelry/2.png,http://192.168.1.52/novetty_bk/pub/media/wysiwyg/images/home09/logobrand/Jewelry/3.png,http://192.168.1.52/novetty_bk/pub/media/wysiwyg/images/home09/logobrand/Jewelry/4.png" layoutwg="vertical" lazyload="0" height_image="90" vautoplaytime="5" vnavigation_prev="<span class='clever-icon-up'></span>" vnavigation_next="<span class='clever-icon-down'></span>" vnumber_item="4" customclass="product-gird-right hidden-xs col-sm-4 padding-0"}}</div>
<!-- End jewelry product  --></div>
</div>
<div></div>
<div id="color-section4" class="smooth-section"></div>
<div class="color-section color-section4 zoo-widget-style2">
<div class="row"><!-- vertical toy-kids menu-->
<div class="vertical-menu-category col-md-3 col-lg-2 hidden-xs hidden-sm padding-0">{{widget type="CleverSoft\MegaMenus\Block\Widget\Megamenu" menu="home09-toy-kids"}}</div>
<!--end  vertical toy-kids menu-->
<div></div>
<!-- slideshow toy-kids -->{{widget type="CleverSoft\CleverSlideShow\Block\Widget\Slideshow" slider="slideshowtoy-kids-home09"}}<!-- end slideshow toy-kids -->
<div></div>
<!-- Tab product --> {{widget classes="tab-style2 box-product-grid col-md-9 col-lg-6 padding-0" widget_title="Toy Kids" type="CleverSoft\CleverProduct\Block\Widget" layout="grid2" lazyload="1" height_image="212" widget_tab="collections" collections="random,latest" category_ids="210,209,208,207,206,205,204,201,203,202" template="widget/product.phtml" labels="New Arrivals||Best Sellers" limit="6" product_m_w="180px"}} <!-- End Tab product  --></div>
</div>
<div></div>
<!-- Logo Brand -->
<div>{{widget type="CleverSoft\CleverBrands\Block\Widget\Adminhtml\Brands" customclass="zoo-widget-style1 carousel-home-9 logo-brand" brands="demo,demo,demo,demo,demo" linkto=",,,,,,," img="http://192.168.1.32/novetty_bk/pub/media/wysiwyg/images/home09/logobrand/kids/1.jpg,http://192.168.1.32/novetty_bk/pub/media/wysiwyg/images/home09/logobrand/kids/2.jpg,http://192.168.1.32/novetty_bk/pub/media/wysiwyg/images/home09/logobrand/kids/3.jpg,http://192.168.1.32/novetty_bk/pub/media/wysiwyg/images/home09/logobrand/kids/4.jpg,http://192.168.1.32/novetty_bk/pub/media/wysiwyg/images/home09/logobrand/kids/5.jpg" layoutwg="carousel" height_image="85" autoplay="1" hoverpause="1" autoplaytime="5" enable_nav="1" navigation_prev="<i class='clever-icon-prev'></i>" navigation_next="<i class=' clever-icon-next'></i>"nbi480="2" nbi768="3" nbi990="4" nbi1200="5"}}</div>
<!-- End Logo Brand -->
<div></div>
<div id="color-section5" class="smooth-section"></div>
<div class="color-section color-section5 zoo-widget-style2">
<div class="row"><!-- vertical electronic menu-->
<div class="vertical-menu-category col-md-3 col-lg-2 hidden-xs hidden-sm padding-0">{{widget type="CleverSoft\MegaMenus\Block\Widget\Megamenu" menu="home09-electronic"}}</div>
<!--end  vertical electronic menu-->
<div></div>
<!-- slideshow electronic --> {{widget type="CleverSoft\CleverSlideShow\Block\Widget\Slideshow" slider="slideshowelectronic-home09"}}<!-- end slideshow electronic -->
<div></div>
<!-- Tab product --> {{widget classes="tab-style2 box-product-grid col-md-9 col-lg-6 padding-0" widget_title="Electronic" type="CleverSoft\CleverProduct\Block\Widget" layout="grid2" lazyload="1" height_image="212" widget_tab="collections" collections="random,latest" category_ids="190" template="widget/product.phtml" labels="New Arrivals||Best Sellers" limit="6" product_m_w="180px"}} <!-- End Tab product  --></div>
</div>
<div></div>
<!-- Logo Brand -->
<div>{{widget type="CleverSoft\CleverBrands\Block\Widget\Adminhtml\Brands" customclass="zoo-widget-style1 carousel-home-9 logo-brand" brands="demo,demo,demo,demo,demo,demo,demo,demo" linkto=",,,,,,," img="http://192.168.1.32/novetty_bk/pub/media/wysiwyg/images/home09/logobrand/electronic/1.png,http://192.168.1.32/novetty_bk/pub/media/wysiwyg/images/home09/logobrand/electronic/2.png,http://192.168.1.32/novetty_bk/pub/media/wysiwyg/images/home09/logobrand/electronic/3.png,http://192.168.1.32/novetty_bk/pub/media/wysiwyg/images/home09/logobrand/electronic/4.png,http://192.168.1.32/novetty_bk/pub/media/wysiwyg/images/home09/logobrand/electronic/5.png,http://192.168.1.32/novetty_bk/pub/media/wysiwyg/images/home09/logobrand/electronic/6.jpg,http://192.168.1.32/novetty_bk/pub/media/wysiwyg/images/home09/logobrand/electronic/7.jpg,http://192.168.1.32/novetty_bk/pub/media/wysiwyg/images/home09/logobrand/electronic/8.jpg" layoutwg="carousel" height_image="85" autoplay="1" hoverpause="1" autoplaytime="5" enable_nav="1" navigation_prev="<i class='clever-icon-prev'></i>" navigation_next="<i class=' clever-icon-next'></i>"nbi480="2" nbi768="3" nbi990="4" nbi1200="5"}}</div>
<!-- End Logo Brand -->
<div></div>
<div id="color-section6" class="smooth-section"></div>
<div class="color-section color-section6 zoo-widget-style1">
<div class="row"><!-- vertical sport menu-->
<div class="vertical-menu-category col-md-3 col-lg-2 hidden-xs hidden-sm padding-0">{{widget type="CleverSoft\MegaMenus\Block\Widget\Megamenu" menu="home09-sport"}}</div>
<!--end  vertical sport menu-->
<div></div>
<!-- slideshow sport -->{{widget type="CleverSoft\CleverSlideShow\Block\Widget\Slideshow" slider="slideshowsport-home09"}}<!-- end slideshow sport -->
<div></div>
<!-- sport product -->
<div class="box-product-grid padding-0 col-md-9 col-lg-6">
<div class="product-gird-left padding-0 col-sm-8">{{widget classes="product-gird-left-bottom tab-style2" widget_title="Sport" type="CleverSoft\CleverProduct\Block\Widget" layout="grid2" lazyload="1" height_image="212" widget_tab="none" category_ids="191" template="widget/product.phtml" limit="4" product_m_w="180px"}}</div>
{{widget type="CleverSoft\CleverBrands\Block\Widget\Adminhtml\Brands" customclass="col-sm-4 product-gird-right padding-0 hidden-xs"  vnumber_item="5"  brands="demo,demo,demo,demo,demo,demo,demo,demo,demo,demo" linkto=",,,,,,,,," img="http://192.168.1.32/novetty_bk/pub/media/wysiwyg/images/home09/logobrand/sport/1.jpg,http://192.168.1.32/novetty_bk/pub/media/wysiwyg/images/home09/logobrand/sport/2.jpg,http://192.168.1.32/novetty_bk/pub/media/wysiwyg/images/home09/logobrand/sport/3.jpg,http://192.168.1.32/novetty_bk/pub/media/wysiwyg/images/home09/logobrand/sport/4.jpg,http://192.168.1.32/novetty_bk/pub/media/wysiwyg/images/home09/logobrand/sport/5.jpg,http://192.168.1.32/novetty_bk/pub/media/wysiwyg/images/home09/logobrand/sport/6.jpg,http://192.168.1.32/novetty_bk/pub/media/wysiwyg/images/home09/logobrand/sport/7.jpg,http://192.168.1.32/novetty_bk/pub/media/wysiwyg/images/home09/logobrand/sport/8.jpg,http://192.168.1.32/novetty_bk/pub/media/wysiwyg/images/home09/logobrand/sport/9.jpg,http://192.168.1.32/novetty_bk/pub/media/wysiwyg/images/home09/logobrand/sport/10.jpg" layoutwg="vertical" vautoplay="0" autoplaytime="5" vnavigation_prev="<span class='clever-icon-up'></span>" vnavigation_next="<span class='clever-icon-down'></span>"}}</div>
<!-- End sport product  --></div>
</div>
<div></div>
<div id="color-section7" class="smooth-section"></div>
<div class="color-section color-section7 zoo-widget-style2">
<div class="row"><!-- vertical pet menu-->
<div class="vertical-menu-category col-md-3 col-lg-2 hidden-xs hidden-sm padding-0">{{widget type="CleverSoft\MegaMenus\Block\Widget\Megamenu" menu="home09-pet"}}</div>
<!--end  vertical pet menu-->
<div></div>
<!-- slideshow pet -->{{widget type="CleverSoft\CleverSlideShow\Block\Widget\Slideshow" slider="slideshowpet-home09"}}<!-- end slideshow pet -->
<div></div>
<!-- Tab product --> {{widget classes="tab-style2 box-product-grid col-md-9 col-lg-6 padding-0" widget_title="Pet" type="CleverSoft\CleverProduct\Block\Widget" layout="grid2" lazyload="1" height_image="212" widget_tab="collections" collections="random,latest" category_ids="192" template="widget/product.phtml" labels="New Arrivals||Best Sellers" limit="6" product_m_w="180px"}} <!-- End Tab product  --></div>
</div>
<!-- Logo Brand -->
<div>{{widget type="CleverSoft\CleverBrands\Block\Widget\Adminhtml\Brands" customclass="zoo-widget-style1 carousel-home-9 logo-brand" brands="demo,demo,demo,demo,demo,demo" linkto=",,,,,,," img="http://192.168.1.32/novetty_bk/pub/media/wysiwyg/images/home09/logobrand/pets/1.png,http://192.168.1.32/novetty_bk/pub/media/wysiwyg/images/home09/logobrand/pets/2.png,http://192.168.1.32/novetty_bk/pub/media/wysiwyg/images/home09/logobrand/pets/3.png,http://192.168.1.32/novetty_bk/pub/media/wysiwyg/images/home09/logobrand/pets/4.png,http://192.168.1.32/novetty_bk/pub/media/wysiwyg/images/home09/logobrand/pets/5.png,http://192.168.1.32/novetty_bk/pub/media/wysiwyg/images/home09/logobrand/pets/6.png" layoutwg="carousel" height_image="85" autoplay="1" hoverpause="1" enable_nav="1" autoplaytime="5" nbi480="2" nbi768="3" nbi990="4" nbi1200="5"}}</div>
<!-- End Logo Brand -->
<div></div>
<!-- Service Block-->
<div>{{widget type="CleverSoft\CleverBlock\Block\Widget" classes="service-block-home09 hidden-xs" block_ids="19" enable_fullwidth="1" block_lg="19,12," block_md="19,12," block_sm="19,12," block_xs="19,12," template="widget/block.phtml"}}</div>
<!-- End Service Block-->
<div></div>
<!-- vertical menu onepage -->
<div class="vertical-menu-one-page">{{widget type="CleverSoft\MegaMenus\Block\Widget\Megamenu" menu="home-09-vertical-menu-one-page"}}</div>
<!--end  vertical menu onepage --></div>
]]></content>
      <is_active>1</is_active>
      <page_layout>1column</page_layout>
      <stores>0</stores>
    </cms_page>
    <cms_page>
      <title>CleverSoft HomePage 10</title>
      <identifier>cleversoft-homepage-10</identifier>
      <content><![CDATA[<!-- Image Block 1-->
<div>{{widget type="CleverSoft\CleverBlock\Block\Widget" classes="zoo-widget-style1" block_ids="53" block_lg="53,12," block_md="53,12," block_sm="53,12," block_xs="53,12," template="widget/block.phtml" }}</div>
<!-- End Image Block 1-->
<p></p>
<!-- Instagram -->
<div class="instagrams">
<h3>Inst <img src="{{media url="wysiwyg/images/home10/icon-instagram.png"}}" alt="" /> gram</h3>
{{widget type="CleverSoft\CleverInstagram\Block\Widget\Instagram" widgetedit="1" modetakeimg="userid" userid="176379829" accessToken="176379829.099273b.b32da11a694d4417ba7520970b441edd" openimg="instagram" layoutwg="carousel" enable_fullwidth="1" numberimage="16" img_resolution="low_resolution" navigation_prev="<span class='cs-font clever-icon-prev'></span>" navigation_next="<span class='cs-font clever-icon-next'></span>" sortby="random" autoplay="1" hoverpause="1" pagination="1" nbi480="2" nbi768="3" nbi990="4" nbi1200="8"}} <a class="btn-instagram" target="_blank"> FOLLOW @ INSTAGRAM </a></div>
<!-- End Instagram -->]]></content>
      <is_active>1</is_active>
      <page_layout>1column</page_layout>
      <stores>0</stores>
    </cms_page>
    <cms_page>
      <title>CleverSoft HomePage 11</title>
      <identifier>cleversoft-homepage-11</identifier>
      <content><![CDATA[<!-- slideshow-->
<div>{{widget type="CleverSoft\CleverSlideShow\Block\Widget\Slideshow" slider="slideshow-home11"}}</div>
<!-- end slideshow-->
<div></div>
<!-- Image Block 1 -->
<div>{{widget type="CleverSoft\CleverBlock\Block\Widget" enable_fullwidth="1" block_ids="147" block_lg="147,12," block_md="147,12," block_sm="147,12," template="widget/block.phtml" block_xs="147,12,"}}</div>
<!-- End Image Block 1  -->
<div></div>
<!-- Image Block 2 -->
<div>{{widget type="CleverSoft\CleverBlock\Block\Widget" enable_fullwidth="1" block_ids="143" block_lg="143,12," block_md="143,12," block_sm="143,12," template="widget/block.phtml" block_xs="143,12,"}}</div>
<!-- End Image Block 2  -->]]></content>
      <is_active>1</is_active>
      <page_layout>1column</page_layout>
      <stores>0</stores>
    </cms_page>
    <cms_page>
      <title>CleverSoft HomePage 12</title>
      <identifier>cleversoft-homepage-12</identifier>
      <content><![CDATA[<!-- slideshow-->
<div>{{widget type="CleverSoft\CleverSlideShow\Block\Widget\Slideshow" slider="slideshow-home12"}}</div>
<!-- end slideshow-->
<div></div>
<!-- Image Block -->
<div>{{widget type="CleverSoft\CleverBlock\Block\Widget" classes="zoo-widget-style2" enable_fullwidth="1" block_ids="61" block_lg="61,12," block_md="61,12," block_sm="61,12," template="widget/block.phtml" block_xs="61,12,"}}</div>
<!-- End Image Block -->
<div></div>
<!-- Image Block 2 -->
<div>{{widget type="CleverSoft\CleverBlock\Block\Widget" classes="zoo-widget-style1"  enable_fullwidth="1" block_ids="60" block_lg="60,12," block_md="60,12," block_sm="60,12," template="widget/block.phtml" block_xs="60,12,"}}</div>
<!-- End Image Block 2-->
<div></div>
<!-- New Arrivals -->
<div>{{widget type="CleverSoft\CleverProduct\Block\Widget" classes="zoo-title-style1 title-font-playfair text-center" widget_title="New Arrivals"  layout="carousel" widget_tab="none" mode="latest" image_width="350" category_ids="194,196,199,195,186,187,193" template="widget/product.phtml" labels="10" limit="4" autoplaytimeout="5000" navigation="1" navigation_prev="<i class='clever-icon-prev'></i>" navigation_next="<i class='clever-icon-next'></i>" col_480="2" col_768="3" col_992="4" column="4"}}</div>
<!-- End New Arrivals-->
<div></div>
<!-- Content Newsletter-->
<div>{{widget type="CleverSoft\CleverBlock\Block\Widget" classes="zoo-widget-style2 text-center"  enable_fullwidth="1" block_ids="59" block_lg="59,12," block_md="59,12," block_sm="59,12," template="widget/block.phtml" block_xs="59,12,"}}</div>
<!-- End Content Newsletter -->]]></content>
      <is_active>1</is_active>
      <page_layout>1column</page_layout>
      <stores>0</stores>
    </cms_page>
    <cms_page>
      <title>CleverSoft HomePage 13</title>
      <identifier>cleversoft-homepage-13</identifier>
      <content><![CDATA[<!-- Block content -->
<div>{{widget type="CleverSoft\CleverBlock\Block\Widget"  block_ids="141" block_lg="141,12," block_md="141,12," block_sm="141,12," block_xs="141,12," template="widget/block.phtml" }}</div>
<!-- End Block content-->
<div></div>
<!-- slideshow-->
<div>{{widget type="CleverSoft\CleverSlideShow\Block\Widget\Slideshow" slider="slideshow-home13"}}</div>
<!-- end slideshow-->
<div></div>
<!-- New Arrivals-->
<div>{{widget type="CleverSoft\CleverProduct\Block\Widget" classes="title-font-playfair zoo-title-size2 zoo-widget-style1 zoo-title-style1 zoo-title-border-0" widget_title="New Arrivals" layout="grid" widget_tab="none" mode="latest" category_ids="179" template="widget/product.phtml" labels="10" limit="8" column_grid="4"}}</div>
<!-- End New Arrivals -->
<div></div>
<!-- Image Parallax-->
<div>{{widget type="CleverSoft\CleverBlock\Block\Widget" enable_fullwidth="1" classes="zoo-widget-style1 parallax-07" block_ids="140" block_lg="140,12," block_md="140,12," block_sm="140,12," block_xs="140,12," template="widget/block.phtml" background="parallax" parallax_type="image" parallax_image_src="wysiwyg/images/home13/parallax-home13.jpg"}}</div>
<!-- End Image Parallax-->
<div></div>
<!-- Featured Products -->
<div>{{widget type="CleverSoft\CleverProduct\Block\Widget" widget_title="Featured Products" layout="carousel" widget_tab="none" mode="new" category_ids="179" template="widget/product.phtml" labels="10" limit="10" autoplay="1" autoplayhoverpause="1" autoplaytimeout="3000" navigation="1" navigation_prev="<i class=' clever-icon-prev'></i>" navigation_next="<i class=' clever-icon-next'></i>" col_480="2" col_768="3" col_992="4" column="5" classes="title-font-playfair zoo-title-size2 zoo-widget-style1 zoo-title-style1 zoo-title-border-0"}}</div>
<!-- End Featured Products --> ]]></content>
      <is_active>1</is_active>
      <page_layout>1column</page_layout>
      <stores>0</stores>
    </cms_page>
    <cms_page>
      <title>CleverSoft HomePage 14</title>
      <identifier>cleversoft-homepage-14</identifier>
      <content><![CDATA[<!-- slideshow-->
<div>{{widget type="CleverSoft\CleverSlideShow\Block\Widget\Slideshow" slider="slideshow-home14"}}</div>
<!-- end slideshow-->
<div></div>
<!-- New Arrivals-->
<div>{{widget type="CleverSoft\CleverProduct\Block\Widget" classes="title-font-playfair zoo-title-size2 zoo-widget-style1 zoo-title-style1 zoo-title-border-0 zoo-widget-transparent text-center" widget_title="New Arrivals" layout="grid" widget_tab="none" mode="latest" category_ids="198" template="widget/product.phtml" labels="10" limit="8" column_grid="4"}}</div>
<!-- End New Arrivals -->
<div></div>
<!-- Block content -->
<div>{{widget type="CleverSoft\CleverBlock\Block\Widget" enable_fullwidth="1" classes="zoo-widget-style1" block_ids="149" block_lg="149,12," block_md="149,12," block_sm="149,12," block_xs="149,12," template="widget/block.phtml" }}</div>
<!-- End Block content-->
<div></div>
<!-- Featured Products -->
<div>{{widget type="CleverSoft\CleverProduct\Block\Widget" widget_title="Featured Products" layout="carousel" widget_tab="none" mode="new" category_ids="198" template="widget/product.phtml" labels="10" limit="10" autoplay="1" autoplayhoverpause="1" autoplaytimeout="3000" navigation="1" navigation_prev="<i class=' clever-icon-prev'></i>" navigation_next="<i class=' clever-icon-next'></i>" col_480="2" col_768="3" col_992="4" column="5" classes="title-font-playfair zoo-title-size2 zoo-widget-style1 zoo-title-style1 zoo-title-border-0 zoo-widget-transparent text-center"}}</div>
<!-- End Featured Products --> ]]></content>
      <is_active>1</is_active>
      <page_layout>1column</page_layout>
      <stores>0</stores>
    </cms_page>
  </pages>
</root>
