<?xml version="1.0"?>
<!--
/**
 * @category    CleverSoft
 * @package     CleverBase
 * @copyright   Copyright © 2017 CleverSoft., JSC. All Rights Reserved.
 * @author 		ZooExtension.com
 * @email       magento.cleversoft@gmail.com
 */
-->
<config xmlns:xsi="http://www.w3.org/2001/XMLSchema-instance" xsi:noNamespaceSchemaLocation="urn:magento:framework:Acl/etc/acl.xsd">
    <acl>
        <resources>
            <resource id="Magento_Backend::admin">
                <resource id="CleverSoft_Base::mato" title="Clever Themes" sortOrder="45">
                    <resource id="CleverSoft_Base::settings" title="Theme Settings" sortOrder="10" />
                    <resource id="CleverSoft_Base::design" title="Theme Design" sortOrder="20" />
                </resource>
                <resource id="Magento_Backend::stores">
                    <resource id="Magento_Backend::stores_settings">
                        <resource id="Magento_Config::config">
                            <resource id="CleverSoft_Base::config_mato" title="Theme Settings" sortOrder="50" />
                        </resource>
                    </resource>
                </resource>
            </resource>
        </resources>
    </acl>
</config>
